"HubSpot Field Name","Salesforce Field Name","Sync Rule"
address,mailingstreet,"Prefer Salesforce unless blank"
address,street,"Prefer Salesforce unless blank"
annualrevenue,annualrevenue,"Two way"
apollo_tag,seamless_lists__c,"Two way"
apollo_tag,tag__c,"Two way"
application_status,"application_status_signup__c","Two way"
blog_subscriber_,blog_subscriber__c,"Two way"
businessid,business_id_signup__c,"Two way"
businessid,global_business_id__c,"Prefer Salesforce unless blank"
business_structure,"business_structure_signup__c","Two way"
campaign_id,campaign_id__c,"Two way"
city,city,"Two way"
city,mailingcity,"Two way"
company,company,"Two way"
company_headcount__c,company_headcount__c,"Prefer Salesforce unless blank"
company_size,company_size_linkedin__c,"Two way"
"consent_communications__c","consent_communications__c","Two way"
consent_process_data__c,consent_process_data__c,"Two way"
contact_outreach_id__c,contact_outreach_id__c,"Prefer Salesforce unless blank"
convert_to_contact,convert_to_contact__c,"Two way"
country,country,"Two way"
country,mailingcountry,"Two way"
create_opportunity_,create_opportunity__c,"Two way"
current_ap,current_ap_provider__c,"Two way"
current_bank,current_bank__c,"Two way"
"current_expense_management","current_expense_management__c","Two way"
"date_account_came_inbound","date_account_came_inbound__c","Two way"
deal_stage,deal_stage__c,"Two way"
demand_gen_bucket,"inbound_channel_bucket__c","Two way"
description,"description_application__c","Two way"
"direct_mail_campaign_sent__c","direct_mail_campaign_sent__c","Two way"
disqualified_,disqualified__c,"Don't sync"
"disqualified_detail_reason__c","disqualified_detail_reason__c","Prefer Salesforce unless blank"
disqualified_reason__c,disqualified_reason__c,"Two way"
"disqualified_reason___application","disqualified_reason_signup__c","Two way"
"dropdown___how_did_you_first_hear_about_rho_","how_did_you_hear_about_us__c","Prefer Salesforce unless blank"
email,email,"Two way"
emailoptout,hasoptedoutofemail,"Two way"
employeescountrange,employees_signup__c,"Two way"
essential_qualifiers,essential_qualifiers__c,"Two way"
estimated_bank_deposits,"estimated_bank_deposits__c","Two way"
"estimated_funding_amount__c","estimated_funding_amount__c","Prefer Salesforce unless blank"
estimate_card_spend,estimated_card_spend__c,"Two way"
event,event__c,"Two way"
exclude_from_router,exclude_from_router__c,"Two way"
fax,fax,"Prefer Salesforce unless blank"
firstname,firstname,"Prefer Salesforce unless blank"
"first_conversion_event_name",first_conversion_page__c,"Two way"
"first_meeting_created_date",first_meeting_created__c,"Two way"
form_submission_date__c,form_submission_date__c,"Two way"
gid_relationship__c,gid_relationship__c,"Always use Salesforce"
headcount__c,headcount__c,"Prefer Salesforce unless blank"
"how_did_you_first_hear_about_rho",hdyhau_other__c,"Two way"
"how_much_capital_have_your_raised_to_date_",capital_raised__c,"Two way"
"how_much_revenue_is_your_company_doing_to_date_",revenue__c,"Two way"
"hs_analytics_first_timestamp",date_first_seen__c,"Two way"
hs_analytics_first_url,first_page_seen__c,"Two way"
"hs_analytics_last_timestamp",date_last_seen__c,"Two way"
hs_analytics_last_url,last_page_seen__c,"Two way"
hs_analytics_source,original_source__c,"Two way"
"hs_analytics_source_data_1","original_source_drill_down_1__c","Two way"
"hs_analytics_source_data_2","original_source_drill_down_2__c","Two way"
hs_email_last_email_name,"last_marketing_email_name__c","Two way"
hs_email_last_send_date,"last_marketing_email_date__c","Two way"
hs_google_click_id,google_click_id__c,"Two way"
hubspotscore,hubspotscore__c,"Two way"
hubspot_owner_id,ownerid,"Two way"
hubspot_revenue,hubspot_revenue__c,"Two way"
hubspot_vc,hubspot_vc__c,"Two way"
icp_category,icp_category__c,"Two way"
inbound_notes,inbound_notes__c,"Prefer Salesforce unless blank"
"inbound_priority_type__cloned_",inbound_type__c,"Two way"
inbound_sequence_trigger,"inbound_sequence_trigger__c","Two way"
inbound_signup_type,inbound_signup_type__c,"Two way"
industry,industry,"Prefer Salesforce unless blank"
industry_app,industry_signup__c,"Two way"
industry__c,industry__c,"Prefer Salesforce unless blank"
initial_sequence_date__c,initial_sequence_date__c,"Prefer Salesforce unless blank"
jobtitle,title,"Two way"
"job_change_detected_date__c","job_change_detected_date__c","Prefer Salesforce unless blank"
job_change_detected__c,job_change_detected__c,"Two way"
job_started_date__c,job_started_date__c,"Prefer Salesforce unless blank"
key_partner_contact,key_partner_contact__c,"Always use Salesforce"
lastname,lastname,"Two way"
last_call_completed__c,last_call_completed__c,"Two way"
leadsource,leadsource,"Two way"
leadstatus,status,"Two way"
lead_after_deal,lead_after_deal__c,"Two way"
lead_notes__c,lead_notes__c,"Two way"
"lead_nurturing_bottom_enroll_date",bottom_funnel_date__c,"Two way"
lead_status,status__c,"Two way"
lifecycle_stage_text,hs_lifecycle_stage__c,"Two way"
linkedin_profile_link,lead_linkedin_url__c,"Two way"
list_source__c,list_source__c,"Prefer Salesforce unless blank"
marketing_consent__c,marketing_consent__c,"Two way"
marketing_lead_channel,"marketing_lead_channel__c","Two way"
marketing_lead_source,marketing_lead_source__c,"Two way"
meeting_type_cp,meeting_type_cp__c,"Prefer Salesforce unless blank"
message,description,"Prefer Salesforce unless blank"
mobile_phone__c,mobile_phone__c,"Two way"
nahb_active,nahb_active__c,"Two way"
numberofemployees,numberofemployees,"Don't sync"
"number_of_business_clients",of_clients__c,"Prefer Salesforce unless blank"
"number_of_employees_at_firm",of_staff__c,"Prefer Salesforce unless blank"
nurture_reason_detail__c,nurture_reason_detail__c,"Prefer Salesforce unless blank"
nurture_reason__c,nurture_reason__c,"Two way"
nurturing_checkbox,nurturing_checkbox__c,"Two way"
original_owner,original_owner__c,"Always use Salesforce"
original_ownership,original_owner_lead__c,"Always use Salesforce"
other_email__c,other_email__c,"Prefer Salesforce unless blank"
"outreach_actively_being_sequenced__c","outreach_actively_being_sequenced__c","Two way"
"outreach_current_sequence_id__c","outreach_current_sequence_id__c","Prefer Salesforce unless blank"
"outreach_current_sequence_name__c","outreach_current_sequence_name__c","Prefer Salesforce unless blank"
"outreach_current_sequence_status__c","outreach_current_sequence_status__c","Prefer Salesforce unless blank"
"outreach_current_sequence_step_number__c","outreach_current_sequence_step_number__c","Prefer Salesforce unless blank"
"outreach_current_sequence_step_type__c","outreach_current_sequence_step_type__c","Prefer Salesforce unless blank"
"outreach_current_sequence_task_due_date__c","outreach_current_sequence_task_due_date__c","Prefer Salesforce unless blank"
"outreach_date_added_to_sequence__c","outreach_date_added_to_sequence__c","Prefer Salesforce unless blank"
"outreach_finished_sequences__c","outreach_finished_sequences__c","Prefer Salesforce unless blank"
"outreach_initial_sequence_id__c","outreach_initial_sequence_id__c","Prefer Salesforce unless blank"
"outreach_initial_sequence_name__c","outreach_initial_sequence_name__c","Prefer Salesforce unless blank"
outreach_lead_id__c,outreach_lead_id__c,"Prefer Salesforce unless blank"
"outreach_number_of_active_sequences__c","outreach_number_of_active_sequences__c","Prefer Salesforce unless blank"
"outreach_number_of_active_tasks__c","outreach_number_of_active_tasks__c","Prefer Salesforce unless blank"
outreach_stage_text,outreach_stage_text__c,"Always use Salesforce"
outreach_stage__c,outreach_stage__c,"Two way"
partnerstack_lead_key__c,partnerstack_lead_key__c,"Prefer Salesforce unless blank"
"partnerstack_partner_key__c","partnerstack_partner_key__c","Prefer Salesforce unless blank"
"partner_application_type__c","partner_application_type__c","Two way"
partner_gid,partner_gid__c,"Two way"
partner_status,partner_status_text__c,"Always use Salesforce"
pass_to_sdr,pass_to_sdr__c,"Two way"
pe_backed_,pe_backed__c,"Always use Salesforce"
phone,phone,"Two way"
"pre_qualification_outcome","pre_qualification_outcome_signup__c","Two way"
"pre_qualification_outcome","pre_qualification_outcome__c","Two way"
primary_card,current_card_provider__c,"Two way"
primary_lead_channel,"primary_inbound_channel__c","Two way"
primary_lead_channel,primary_lead_channel__c,"Two way"
rating,rating,"Prefer Salesforce unless blank"
"recent_conversion_event_name","recent_conversion_page__c","Two way"
referrer_lookup__c,referrer__c,"Prefer Salesforce unless blank"
referrer___a,referrer_account__c,"Two way"
referrer___a,referrer_lookup__c,"Two way"
revenueforecastrange,"estimated_annual_revenues_signup__c","Two way"
routing_channel,routing_channel__c,"Two way"
salesforceaccountid,accountid,"Prefer Salesforce unless blank"
salesforcelastsynctime,"last_hubspot_sync_date__c","Two way"
sales_rep_email,navan_sales_rep_email__c,"Two way"
sales_rep_name,navan_sales_rep__c,"Two way"
sales_rep_phone_number,"navan_sales_rep_phone_number__c","Two way"
salutation,salutation,"Prefer Salesforce unless blank"
scratchpad_hubspot,scratchpad_hubspot__c,"Two way"
sdr_assignment_time,owner_change_date__c,"Always use Salesforce"
sdr_meeting_held,sdr_meeting_held__c,"Two way"
seamless_revenue__c,seamless_revenue__c,"Two way"
self_serve_type,self_serve_type__c,"Two way"
sent_to_compliance_date,"sent_to_compliance_date__c","Two way"
sfdc_last_activity_date,last_activity__c,"Always use Salesforce"
signup_conversion_page,"signup_conversion_page__c","Two way"
signup_lead_score,signup_lead_score__c,"Two way"
signup_status,signup_status__c,"Two way"
"sign_up_flow_employees__c","sign_up_flow_employees__c","Two way"
"sign_up_flow_estimated_annual_revenue__c","sign_up_flow_estimated_annual_revenue__c","Two way"
source_of_funds,"source_of_funds_signup__c","Two way"
spara_transcript,spara_transcript__c,"Two way"
state,mailingstate,"Prefer Salesforce unless blank"
state,state,"Prefer Salesforce unless blank"
sync_to_hubspot,sync_to_hubspot__c,"Two way"
"timestamp_attempting_to_reach","timestamp_attempting_to_reach__c","Always use Salesforce"
timestamp_contact_made,"timestamp_contact_made__c","Two way"
timestamp_converted__c,timestamp_converted__c,"Always use Salesforce"
"timestamp_disqualified__c","timestamp_disqualified__c","Two way"
timestamp_meeting_set,timestamp_meeting_set__c,"Two way"
timestamp_mql__c,timestamp_mql__c,"Prefer Salesforce unless blank"
timestamp_nurturing__c,timestamp_nurturing__c,"Two way"
unqualified_,unqualified__c,"Don't sync"
utm_campaign,utm_campaign__c,"Two way"
utm_content,utm_content__c,"Two way"
utm_medium,utm_medium__c,"Two way"
utm_source,utm_source__c,"Two way"
utm_term,utm_term__c,"Two way"
uuid,uuid__c,"Two way"
vc_backed_,vc_backed__c,"Always use Salesforce"
website,website,"Two way"
"what_stage_is_your_company_in_",company_stage__c,"Two way"
"what_s_the_toughest_problem_you_have_solved_","what_s_the_toughest_problem_you_have_sol__c","Two way"
"when_was_your_company_founded_",year_founded__c,"Two way"
"which_product_are_you_interested_in_","which_product_are_you_interested_in__c","Two way"
zip,mailingpostalcode,"Two way"
zip,postalcode,"Two way"
